fid;FUNOGBUD_BZPL;FUNSZCZ_BZPL;FUNOGBUD_PL;FUNSZCZ_PL
30186;Budynki Kultu Religijnego;Kaplica;Budynki Kultu Religijnego;Kaplica
31623;Budynki Zbiorowego Zamieszkania;Dom Parafialny;Budynki Zbiorowego Zamieszkania;Dom Parafialny
5853;Budynki Biurowe;Siedziba Firmy Lub Firm;Budynki Biurowe;Siedziba Firmy Lub Firm
45072;Budynki Szkol I Instytucji Badawczych;Przedszkole, Schronisko Turystyczne, Szkola Podstawowa, Szkola Ponadpodstawowa;Budynki Szkół I Instytucji Badawczych;Przedszkole, Schronisko Turystyczne, Szkoła Podstawowa, Szkoła Ponadpodstawowa
70728;Budynki Mieszkalne Jednorodzinne;Budynek Jednorodzinny;Budynki Mieszkalne Jednorodzinne;Budynek Jednorodzinny
25101;Budynki Mieszkalne Jednorodzinne;Budynek Jednorodzinny;Budynki Mieszkalne Jednorodzinne;Budynek Jednorodzinny
61340;Budynek Gospodarstwa Rolnego;Budynek Gospodarczy;Budynek Gospodarstwa Rolnego;Budynek Gospodarczy
25039;Budynki Mieszkalne Jednorodzinne;Budynek Jednorodzinny;Budynki Mieszkalne Jednorodzinne;Budynek Jednorodzinny
20925;Budynki O Trzech I Wiecej Mieszkaniach;Budynek Wielorodzinny;Budynki O Trzech I Więcej Mieszkaniach;Budynek Wielorodzinny
54273;Budynki O Trzech I Wiecej Mieszkaniach;Budynek Wielorodzinny;Budynki O Trzech I Więcej Mieszkaniach;Budynek Wielorodzinny
46410;Budynki Szkol I Instytucji Badawczych;Szkola Wyzsza;Budynki Szkół I Instytucji Badawczych;Szkoła Wyższa
29515;Budynki Szkol I Instytucji Badawczych;Przedszkole, Szkola Podstawowa, Szkola Ponadpodstawowa;Budynki Szkół I Instytucji Badawczych;Przedszkole, Szkoła Podstawowa, Szkoła Ponadpodstawowa
20426;Budynki O Trzech I Wiecej Mieszkaniach;Apteka, Budynek Wielorodzinny;Budynki O Trzech I Więcej Mieszkaniach;Apteka, Budynek Wielorodzinny
20424;Budynki Muzeow I Bibliotek;Muzeum;Budynki Muzeów I Bibliotek;Muzeum
62901;Budynki Biurowe;Inny Urzad Administracji Publicznej;Budynki Biurowe;Inny Urząd Administracji Publicznej
69152;Budynki Kultu Religijnego;Apteka, Kosciol;Budynki Kultu Religijnego;Apteka, Kościół
11793;Budynki O Trzech I Wiecej Mieszkaniach;Budynek Wielorodzinny;Budynki O Trzech I Więcej Mieszkaniach;Budynek Wielorodzinny
29439;Budynki Szkol I Instytucji Badawczych;Szkola Wyzsza;Budynki Szkół I Instytucji Badawczych;Szkoła Wyższa
55465;Budynki O Trzech I Wiecej Mieszkaniach;Budynek Wielorodzinny;Budynki O Trzech I Więcej Mieszkaniach;Budynek Wielorodzinny
55643;Budynki O Trzech I Wiecej Mieszkaniach;Budynek Wielorodzinny;Budynki O Trzech I Więcej Mieszkaniach;Budynek Wielorodzinny
45079;Budynki O Trzech I Wiecej Mieszkaniach;Budynek Wielorodzinny;Budynki O Trzech I Więcej Mieszkaniach;Budynek Wielorodzinny
54220;Ogolnodostepne Obiekty Kulturalne;Dom Kultury, Klub Dyskoteka, Placowka Dyplomatyczna Lub Konsularna;Ogólnodostępne Obiekty Kulturalne;Dom Kultury, Klub Dyskoteka, Placówka Dyplomatyczna Lub Konsularna
70688;Budynki O Trzech I Wiecej Mieszkaniach;Budynek Wielorodzinny;Budynki O Trzech I Więcej Mieszkaniach;Budynek Wielorodzinny
29462;Budynki O Trzech I Wiecej Mieszkaniach;Budynek Wielorodzinny;Budynki O Trzech I Więcej Mieszkaniach;Budynek Wielorodzinny
34434;Budynki Zbiorowego Zamieszkania;Dom Parafialny;Budynki Zbiorowego Zamieszkania;Dom Parafialny
47795;Budynki Kultu Religijnego;Kosciol;Budynki Kultu Religijnego;Kościół
64644;Budynki Mieszkalne Jednorodzinne;Budynek Jednorodzinny;Budynki Mieszkalne Jednorodzinne;Budynek Jednorodzinny
63460;Budynki O Trzech I Wiecej Mieszkaniach;Budynek Wielorodzinny;Budynki O Trzech I Więcej Mieszkaniach;Budynek Wielorodzinny
3665;Budynki Zbiorowego Zamieszkania;Dom Parafialny;Budynki Zbiorowego Zamieszkania;Dom Parafialny
20271;Budynki O Trzech I Wiecej Mieszkaniach;Budynek Wielorodzinny;Budynki O Trzech I Więcej Mieszkaniach;Budynek Wielorodzinny
4016;Budynki O Trzech I Wiecej Mieszkaniach;Budynek Wielorodzinny;Budynki O Trzech I Więcej Mieszkaniach;Budynek Wielorodzinny
11923;Budynki Mieszkalne Jednorodzinne;Budynek Jednorodzinny;Budynki Mieszkalne Jednorodzinne;Budynek Jednorodzinny
53712;Budynki O Trzech I Wiecej Mieszkaniach;Budynek Wielorodzinny;Budynki O Trzech I Więcej Mieszkaniach;Budynek Wielorodzinny
41784;Budynki Mieszkalne Jednorodzinne;Budynek Jednorodzinny;Budynki Mieszkalne Jednorodzinne;Budynek Jednorodzinny
12054;Budynki Przemyslowe;Warsztat Remontowo Naprawczy;Budynki Przemysłowe;Warsztat Remontowo Naprawczy
12198;Budynki O Trzech I Wiecej Mieszkaniach;Budynek Wielorodzinny;Budynki O Trzech I Więcej Mieszkaniach;Budynek Wielorodzinny
29258;Budynki O Trzech I Wiecej Mieszkaniach;Budynek Wielorodzinny;Budynki O Trzech I Więcej Mieszkaniach;Budynek Wielorodzinny
53612;Budynki O Trzech I Wiecej Mieszkaniach;Budynek Wielorodzinny;Budynki O Trzech I Więcej Mieszkaniach;Budynek Wielorodzinny
70661;Budynki Szpitali I Zakladow Opieki Medycznej;Apteka, Szpital;Budynki Szpitali I Zakładów Opieki Medycznej;Apteka, Szpital
4095;Budynki Szpitali I Zakladow Opieki Medycznej;Apteka, Szpital;Budynki Szpitali I Zakładów Opieki Medycznej;Apteka, Szpital
70660;Budynki Szpitali I Zakladow Opieki Medycznej;Apteka, Szpital;Budynki Szpitali I Zakładów Opieki Medycznej;Apteka, Szpital
70662;Budynki Szpitali I Zakladow Opieki Medycznej;Apteka, Szpital;Budynki Szpitali I Zakładów Opieki Medycznej;Apteka, Szpital
70659;Budynki Szpitali I Zakladow Opieki Medycznej;Apteka, Szpital;Budynki Szpitali I Zakładów Opieki Medycznej;Apteka, Szpital
62843;Budynki O Trzech I Wiecej Mieszkaniach;Budynek Wielorodzinny;Budynki O Trzech I Więcej Mieszkaniach;Budynek Wielorodzinny
35949;Budynki Muzeow I Bibliotek;Biblioteka;Budynki Muzeów I Bibliotek;Biblioteka
34558;Budynki O Trzech I Wiecej Mieszkaniach;Budynek Wielorodzinny;Budynki O Trzech I Więcej Mieszkaniach;Budynek Wielorodzinny
47483;Budynki O Trzech I Wiecej Mieszkaniach;Budynek Wielorodzinny;Budynki O Trzech I Więcej Mieszkaniach;Budynek Wielorodzinny
34559;Budynki O Trzech I Wiecej Mieszkaniach;Apteka, Budynek Wielorodzinny;Budynki O Trzech I Więcej Mieszkaniach;Apteka, Budynek Wielorodzinny
70684;Budynki O Trzech I Wiecej Mieszkaniach;Apteka, Budynek Wielorodzinny;Budynki O Trzech I Więcej Mieszkaniach;Apteka, Budynek Wielorodzinny
54171;Budynki O Trzech I Wiecej Mieszkaniach;Budynek Wielorodzinny;Budynki O Trzech I Więcej Mieszkaniach;Budynek Wielorodzinny
28877;Budynki O Trzech I Wiecej Mieszkaniach;Budynek Wielorodzinny, Pawilon Handlowo Uslugowy, Restauracja;Budynki O Trzech I Więcej Mieszkaniach;Budynek Wielorodzinny, Pawilon Handlowo Usługowy, Restauracja
39054;Budynki O Trzech I Wiecej Mieszkaniach;Budynek Wielorodzinny;Budynki O Trzech I Więcej Mieszkaniach;Budynek Wielorodzinny
20310;Budynki O Trzech I Wiecej Mieszkaniach;Budynek Wielorodzinny;Budynki O Trzech I Więcej Mieszkaniach;Budynek Wielorodzinny
63655;Budynki O Trzech I Wiecej Mieszkaniach;Budynek Gospodarczy, Budynek Wielorodzinny;Budynki O Trzech I Więcej Mieszkaniach;Budynek Gospodarczy, Budynek Wielorodzinny
53362;Budynki O Trzech I Wiecej Mieszkaniach;Budynek Wielorodzinny;Budynki O Trzech I Więcej Mieszkaniach;Budynek Wielorodzinny
55272;Budynki O Trzech I Wiecej Mieszkaniach;Budynek Wielorodzinny;Budynki O Trzech I Więcej Mieszkaniach;Budynek Wielorodzinny
63439;Budynki Szkol I Instytucji Badawczych;Szkola Podstawowa, Szkola Ponadpodstawowa;Budynki Szkół I Instytucji Badawczych;Szkoła Podstawowa, Szkoła Ponadpodstawowa
20582;Budynki O Trzech I Wiecej Mieszkaniach;Budynek Wielorodzinny;Budynki O Trzech I Więcej Mieszkaniach;Budynek Wielorodzinny
35089;Budynki O Trzech I Wiecej Mieszkaniach;Budynek Wielorodzinny, Magazyn;Budynki O Trzech I Więcej Mieszkaniach;Budynek Wielorodzinny, Magazyn
29167;Budynki O Trzech I Wiecej Mieszkaniach;Apteka, Budynek Wielorodzinny;Budynki O Trzech I Więcej Mieszkaniach;Apteka, Budynek Wielorodzinny
4521;Budynki O Trzech I Wiecej Mieszkaniach;Budynek Wielorodzinny, Przedszkole;Budynki O Trzech I Więcej Mieszkaniach;Budynek Wielorodzinny, Przedszkole
19703;Budynki O Trzech I Wiecej Mieszkaniach;Budynek Wielorodzinny;Budynki O Trzech I Więcej Mieszkaniach;Budynek Wielorodzinny
29011;Budynki Biurowe;Policja;Budynki Biurowe;Policja
11682;Budynki Hoteli;Hotel;Budynki Hoteli;Hotel
27697;Budynki Hoteli;Klub Dyskoteka, Restauracja;Budynki Hoteli;Klub Dyskoteka, Restauracja
19986;Budynki Szkol I Instytucji Badawczych;Szkola Ponadpodstawowa;Budynki Szkół I Instytucji Badawczych;Szkoła Ponadpodstawowa
46301;Budynki O Trzech I Wiecej Mieszkaniach;Budynek Wielorodzinny;Budynki O Trzech I Więcej Mieszkaniach;Budynek Wielorodzinny
44348;Budynki O Trzech I Wiecej Mieszkaniach;Budynek Wielorodzinny;Budynki O Trzech I Więcej Mieszkaniach;Budynek Wielorodzinny
29284;Budynki Biurowe;Siedziba Firmy Lub Firm;Budynki Biurowe;Siedziba Firmy Lub Firm
70726;Budynki Biurowe;Siedziba Firmy Lub Firm;Budynki Biurowe;Siedziba Firmy Lub Firm
19804;Budynki O Trzech I Wiecej Mieszkaniach;Budynek Wielorodzinny;Budynki O Trzech I Więcej Mieszkaniach;Budynek Wielorodzinny
22549;Budynki O Trzech I Wiecej Mieszkaniach;Budynek Wielorodzinny;Budynki O Trzech I Więcej Mieszkaniach;Budynek Wielorodzinny
22233;Budynki Muzeow I Bibliotek;Muzeum;Budynki Muzeów I Bibliotek;Muzeum
70679;Budynki O Trzech I Wiecej Mieszkaniach;Budynek Wielorodzinny;Budynki O Trzech I Więcej Mieszkaniach;Budynek Wielorodzinny
13831;Budynki O Trzech I Wiecej Mieszkaniach;Budynek Wielorodzinny, Pawilon Handlowo Uslugowy;Budynki O Trzech I Więcej Mieszkaniach;Budynek Wielorodzinny, Pawilon Handlowo Usługowy
64168;Budynki O Trzech I Wiecej Mieszkaniach;Budynek Wielorodzinny, Pawilon Handlowo Uslugowy;Budynki O Trzech I Więcej Mieszkaniach;Budynek Wielorodzinny, Pawilon Handlowo Usługowy
63170;Budynki Szkol I Instytucji Badawczych;Szkola Ponadpodstawowa;Budynki Szkół I Instytucji Badawczych;Szkoła Ponadpodstawowa
70669;Budynki Szkol I Instytucji Badawczych;Szkola Ponadpodstawowa;Budynki Szkół I Instytucji Badawczych;Szkoła Ponadpodstawowa
47029;Budynki Szkol I Instytucji Badawczych;Szkola Wyzsza;Budynki Szkół I Instytucji Badawczych;Szkoła Wyższa
4277;Budynki Szpitali I Zakladow Opieki Medycznej;Apteka, Szpital;Budynki Szpitali I Zakładów Opieki Medycznej;Apteka, Szpital
4360;Budynki Biurowe;Straz Pozarna;Budynki Biurowe;Straż Pożarna
35659;Budynki Szkol I Instytucji Badawczych;Szkola Podstawowa;Budynki Szkół I Instytucji Badawczych;Szkoła Podstawowa
20344;Budynki Szkol I Instytucji Badawczych;Szkola Podstawowa;Budynki Szkół I Instytucji Badawczych;Szkoła Podstawowa
12289;Budynki Szkol I Instytucji Badawczych;Szkola Podstawowa;Budynki Szkół I Instytucji Badawczych;Szkoła Podstawowa
53420;Budynki Zbiorowego Zamieszkania;Dom Parafialny;Budynki Zbiorowego Zamieszkania;Dom Parafialny
70673;Budynki Szkol I Instytucji Badawczych;Przedszkole;Budynki Szkół I Instytucji Badawczych;Przedszkole
40780;Budynki Szkol I Instytucji Badawczych;Przedszkole;Budynki Szkół I Instytucji Badawczych;Przedszkole
150;Budynki Kultu Religijnego;Kosciol;Budynki Kultu Religijnego;Kościół
53725;Ogolnodostepne Obiekty Kulturalne;Dom Kultury;Ogólnodostępne Obiekty Kulturalne;Dom Kultury
12335;Budynki Szkol I Instytucji Badawczych;Szkola Podstawowa;Budynki Szkół I Instytucji Badawczych;Szkoła Podstawowa
12386;Budynki Biurowe;Siedziba Firmy Lub Firm;Budynki Biurowe;Siedziba Firmy Lub Firm
35861;Budynki Szkol I Instytucji Badawczych;Szkola Wyzsza;Budynki Szkół I Instytucji Badawczych;Szkoła Wyższa
28311;Ogolnodostepne Obiekty Kulturalne;Bank, Filharmonia;Ogólnodostępne Obiekty Kulturalne;Bank, Filharmonia
53512;Budynki Szkol I Instytucji Badawczych;Szkola Ponadpodstawowa;Budynki Szkół I Instytucji Badawczych;Szkoła Ponadpodstawowa
41864;Budynki O Trzech I Wiecej Mieszkaniach;Budynek Wielorodzinny, Klub Dyskoteka, Pawilon Handlowo Uslugowy;Budynki O Trzech I Więcej Mieszkaniach;Budynek Wielorodzinny, Klub Dyskoteka, Pawilon Handlowo Usługowy
54411;Budynki O Trzech I Wiecej Mieszkaniach;Budynek Wielorodzinny;Budynki O Trzech I Więcej Mieszkaniach;Budynek Wielorodzinny
32780;Budynki Kultu Religijnego;Kosciol;Budynki Kultu Religijnego;Kościół
64713;Budynki Szkol I Instytucji Badawczych;Obserwatorium Lub Planetarium;Budynki Szkół I Instytucji Badawczych;Obserwatorium Lub Planetarium
63478;Budynki Biurowe;Siedziba Firmy Lub Firm;Budynki Biurowe;Siedziba Firmy Lub Firm
54155;Budynki Biurowe;Urzad Miasta;Budynki Biurowe;Urząd Miasta
36753;Budynki O Trzech I Wiecej Mieszkaniach;Budynek Wielorodzinny;Budynki O Trzech I Więcej Mieszkaniach;Budynek Wielorodzinny
45245;Budynki O Trzech I Wiecej Mieszkaniach;Budynek Wielorodzinny;Budynki O Trzech I Więcej Mieszkaniach;Budynek Wielorodzinny
11854;Budynki O Trzech I Wiecej Mieszkaniach;Budynek Wielorodzinny;Budynki O Trzech I Więcej Mieszkaniach;Budynek Wielorodzinny
29645;Budynki Biurowe;Siedziba Firmy Lub Firm;Budynki Biurowe;Siedziba Firmy Lub Firm
32595;Budynki Przemyslowe;Warsztat Remontowo Naprawczy;Budynki Przemysłowe;Warsztat Remontowo Naprawczy
45252;Budynki Lacznosci Dworcow I Terminali;Lokomotywownia Lub Wagonownia;Budynki Łączności Dworców I Terminali;Lokomotywownia Lub Wagonownia
25529;Budynki O Trzech I Wiecej Mieszkaniach;Budynek Wielorodzinny, Pawilon Handlowo Uslugowy;Budynki O Trzech I Więcej Mieszkaniach;Budynek Wielorodzinny, Pawilon Handlowo Usługowy
34860;Budynki O Trzech I Wiecej Mieszkaniach;Budynek Wielorodzinny, Pawilon Handlowo Uslugowy, Placowka Ochrony Zdrowia;Budynki O Trzech I Więcej Mieszkaniach;Budynek Wielorodzinny, Pawilon Handlowo Usługowy, Placówka Ochrony Zdrowia
53320;Budynki Szkol I Instytucji Badawczych;Przedszkole;Budynki Szkół I Instytucji Badawczych;Przedszkole
12827;Budynki O Trzech I Wiecej Mieszkaniach;Budynek Wielorodzinny, Pawilon Handlowo Uslugowy;Budynki O Trzech I Więcej Mieszkaniach;Budynek Wielorodzinny, Pawilon Handlowo Usługowy
48445;Budynki O Trzech I Wiecej Mieszkaniach;Budynek Wielorodzinny;Budynki O Trzech I Więcej Mieszkaniach;Budynek Wielorodzinny
35585;Budynki O Trzech I Wiecej Mieszkaniach;Budynek Wielorodzinny;Budynki O Trzech I Więcej Mieszkaniach;Budynek Wielorodzinny
45464;Budynki O Trzech I Wiecej Mieszkaniach;Budynek Wielorodzinny;Budynki O Trzech I Więcej Mieszkaniach;Budynek Wielorodzinny
4219;Budynki Kultury Fizycznej;Sala Gimnastyczna;Budynki Kultury Fizycznej;Sala Gimnastyczna
34458;Budynki Szkol I Instytucji Badawczych;Szkola Ponadpodstawowa;Budynki Szkół I Instytucji Badawczych;Szkoła Ponadpodstawowa
53708;Budynki O Trzech I Wiecej Mieszkaniach;Apteka, Budynek Wielorodzinny;Budynki O Trzech I Więcej Mieszkaniach;Apteka, Budynek Wielorodzinny
56007;Budynki O Trzech I Wiecej Mieszkaniach;Budynek Wielorodzinny;Budynki O Trzech I Więcej Mieszkaniach;Budynek Wielorodzinny
44521;Budynki O Trzech I Wiecej Mieszkaniach;Budynek Wielorodzinny;Budynki O Trzech I Więcej Mieszkaniach;Budynek Wielorodzinny
44750;Budynki Szkol I Instytucji Badawczych;Placowka Badawcza;Budynki Szkół I Instytucji Badawczych;Placówka Badawcza
20880;Budynki O Trzech I Wiecej Mieszkaniach;Budynek Wielorodzinny;Budynki O Trzech I Więcej Mieszkaniach;Budynek Wielorodzinny
47207;Budynki O Trzech I Wiecej Mieszkaniach;Budynek Wielorodzinny;Budynki O Trzech I Więcej Mieszkaniach;Budynek Wielorodzinny
12355;Budynki O Trzech I Wiecej Mieszkaniach;Budynek Gospodarczy, Budynek Wielorodzinny;Budynki O Trzech I Więcej Mieszkaniach;Budynek Gospodarczy, Budynek Wielorodzinny
38924;Budynki Szkol I Instytucji Badawczych;Szkola Ponadpodstawowa;Budynki Szkół I Instytucji Badawczych;Szkoła Ponadpodstawowa
70692;Budynki Zbiorowego Zamieszkania;Klasztor;Budynki Zbiorowego Zamieszkania;Klasztor
11494;Budynki Zbiorowego Zamieszkania;Dom Studencki, Placowka Ochrony Zdrowia;Budynki Zbiorowego Zamieszkania;Dom Studencki, Placówka Ochrony Zdrowia
20135;Budynki O Trzech I Wiecej Mieszkaniach;Budynek Wielorodzinny;Budynki O Trzech I Więcej Mieszkaniach;Budynek Wielorodzinny
64862;Budynki O Trzech I Wiecej Mieszkaniach;Budynek Wielorodzinny;Budynki O Trzech I Więcej Mieszkaniach;Budynek Wielorodzinny
12190;Budynki Zbiorowego Zamieszkania;Dom Studencki, Dom Towarowy Lub Handlowy;Budynki Zbiorowego Zamieszkania;Dom Studencki, Dom Towarowy Lub Handlowy
19744;Budynki Szkol I Instytucji Badawczych;Przedszkole;Budynki Szkół I Instytucji Badawczych;Przedszkole
4286;Budynki O Trzech I Wiecej Mieszkaniach;Budynek Wielorodzinny;Budynki O Trzech I Więcej Mieszkaniach;Budynek Wielorodzinny
28405;Budynki Kultury Fizycznej;Sala Gimnastyczna;Budynki Kultury Fizycznej;Sala Gimnastyczna
12218;Budynki O Trzech I Wiecej Mieszkaniach;Apteka, Budynek Wielorodzinny, Placowka Ochrony Zdrowia;Budynki O Trzech I Więcej Mieszkaniach;Apteka, Budynek Wielorodzinny, Placówka Ochrony Zdrowia
18351;Budynek Gospodarstwa Rolnego;Budynek Gospodarczy;Budynek Gospodarstwa Rolnego;Budynek Gospodarczy
17989;Budynek Gospodarstwa Rolnego;Budynek Gospodarczy;Budynek Gospodarstwa Rolnego;Budynek Gospodarczy
43554;Budynki Biurowe;Siedziba Firmy Lub Firm;Budynki Biurowe;Siedziba Firmy Lub Firm
56647;Budynki O Trzech I Wiecej Mieszkaniach;Budynek Wielorodzinny;Budynki O Trzech I Więcej Mieszkaniach;Budynek Wielorodzinny
62672;Budynki O Trzech I Wiecej Mieszkaniach;Budynek Wielorodzinny;Budynki O Trzech I Więcej Mieszkaniach;Budynek Wielorodzinny
20339;Budynki O Trzech I Wiecej Mieszkaniach;Budynek Gospodarczy, Budynek Wielorodzinny;Budynki O Trzech I Więcej Mieszkaniach;Budynek Gospodarczy, Budynek Wielorodzinny
12605;Budynki Handlowo Uslugowe;Dom Towarowy Lub Handlowy;Budynki Handlowo Usługowe;Dom Towarowy Lub Handlowy
4701;Budynki O Trzech I Wiecej Mieszkaniach;Budynek Wielorodzinny, Pawilon Handlowo Uslugowy;Budynki O Trzech I Więcej Mieszkaniach;Budynek Wielorodzinny, Pawilon Handlowo Usługowy
4224;Budynki Biurowe;Siedziba Firmy Lub Firm;Budynki Biurowe;Siedziba Firmy Lub Firm
4040;Budynki Szkol I Instytucji Badawczych;Szkola Ponadpodstawowa;Budynki Szkół I Instytucji Badawczych;Szkoła Ponadpodstawowa
70681;Budynki O Trzech I Wiecej Mieszkaniach;Budynek Wielorodzinny;Budynki O Trzech I Więcej Mieszkaniach;Budynek Wielorodzinny
70683;Budynki O Trzech I Wiecej Mieszkaniach;Budynek Wielorodzinny;Budynki O Trzech I Więcej Mieszkaniach;Budynek Wielorodzinny
36223;Budynki O Trzech I Wiecej Mieszkaniach;Budynek Wielorodzinny;Budynki O Trzech I Więcej Mieszkaniach;Budynek Wielorodzinny
70682;Budynki O Trzech I Wiecej Mieszkaniach;Budynek Wielorodzinny;Budynki O Trzech I Więcej Mieszkaniach;Budynek Wielorodzinny
12832;Budynki O Trzech I Wiecej Mieszkaniach;Budynek Wielorodzinny;Budynki O Trzech I Więcej Mieszkaniach;Budynek Wielorodzinny
56181;Budynki Biurowe;Inny Urzad Administracji Publicznej;Budynki Biurowe;Inny Urząd Administracji Publicznej
47846;Budynki O Trzech I Wiecej Mieszkaniach;Budynek Wielorodzinny;Budynki O Trzech I Więcej Mieszkaniach;Budynek Wielorodzinny
63466;Budynki Biurowe;Siedziba Firmy Lub Firm;Budynki Biurowe;Siedziba Firmy Lub Firm
4390;Budynki O Trzech I Wiecej Mieszkaniach;Apteka, Budynek Wielorodzinny;Budynki O Trzech I Więcej Mieszkaniach;Apteka, Budynek Wielorodzinny
12083;Budynki O Trzech I Wiecej Mieszkaniach;Budynek Wielorodzinny;Budynki O Trzech I Więcej Mieszkaniach;Budynek Wielorodzinny
70670;Budynki O Trzech I Wiecej Mieszkaniach;Budynek Wielorodzinny;Budynki O Trzech I Więcej Mieszkaniach;Budynek Wielorodzinny
21048;Budynki O Trzech I Wiecej Mieszkaniach;Budynek Wielorodzinny;Budynki O Trzech I Więcej Mieszkaniach;Budynek Wielorodzinny
46087;Budynki Szkol I Instytucji Badawczych;Szkola Wyzsza;Budynki Szkół I Instytucji Badawczych;Szkoła Wyższa
34739;Budynki O Trzech I Wiecej Mieszkaniach;Budynek Wielorodzinny;Budynki O Trzech I Więcej Mieszkaniach;Budynek Wielorodzinny
4280;Budynki Zbiorowego Zamieszkania;Dom Parafialny, Przedszkole;Budynki Zbiorowego Zamieszkania;Dom Parafialny, Przedszkole
63806;Budynki Kultu Religijnego;Kosciol;Budynki Kultu Religijnego;Kościół
70686;Budynki O Trzech I Wiecej Mieszkaniach;Budynek Wielorodzinny;Budynki O Trzech I Więcej Mieszkaniach;Budynek Wielorodzinny
4279;Budynki O Trzech I Wiecej Mieszkaniach;Budynek Wielorodzinny;Budynki O Trzech I Więcej Mieszkaniach;Budynek Wielorodzinny
70685;Budynki O Trzech I Wiecej Mieszkaniach;Budynek Wielorodzinny;Budynki O Trzech I Więcej Mieszkaniach;Budynek Wielorodzinny
35601;Budynki Biurowe;Placowka Operatora Pocztowego;Budynki Biurowe;Placówka Operatora Pocztowego
36189;Budynki Handlowo Uslugowe;Hala Wystawowa;Budynki Handlowo Usługowe;Hala Wystawowa
4401;Budynki Handlowo Uslugowe;Hala Wystawowa;Budynki Handlowo Usługowe;Hala Wystawowa
4266;Budynki Biurowe;Siedziba Firmy Lub Firm;Budynki Biurowe;Siedziba Firmy Lub Firm
64870;Budynki O Trzech I Wiecej Mieszkaniach;Budynek Wielorodzinny;Budynki O Trzech I Więcej Mieszkaniach;Budynek Wielorodzinny
36128;Budynki Przemyslowe;Produkcyjny, Stacja Transformatorowa;Budynki Przemysłowe;Produkcyjny, Stacja Transformatorowa
35087;Ogolnodostepne Obiekty Kulturalne;Klub Dyskoteka, Szkola Wyzsza;Ogólnodostępne Obiekty Kulturalne;Klub Dyskoteka, Szkoła Wyższa
34013;Budynki Przemyslowe;Produkcyjny;Budynki Przemysłowe;Produkcyjny
63247;Zbiornik Silos I Budynki Magazynowe;Magazyn;Zbiornik Silos I Budynki Magazynowe;Magazyn
27867;Budynki Przemyslowe;Produkcyjny;Budynki Przemysłowe;Produkcyjny
28097;Budynki Przemyslowe;Produkcyjny;Budynki Przemysłowe;Produkcyjny
35398;Budynki Przemyslowe;Produkcyjny;Budynki Przemysłowe;Produkcyjny
36558;Budynki Przemyslowe;Produkcyjny;Budynki Przemysłowe;Produkcyjny
62820;Budynki Kultu Religijnego;Kaplica;Budynki Kultu Religijnego;Kaplica
13640;Budynki Kultu Religijnego;Kosciol;Budynki Kultu Religijnego;Kościół
3649;Budynki O Trzech I Wiecej Mieszkaniach;Budynek Wielorodzinny, Pawilon Handlowo Uslugowy;Budynki O Trzech I Więcej Mieszkaniach;Budynek Wielorodzinny, Pawilon Handlowo Usługowy
67078;Budynki Muzeow I Bibliotek;Archiwum;Budynki Muzeów I Bibliotek;Archiwum
24650;Budynki Zbiorowego Zamieszkania;Klasztor;Budynki Zbiorowego Zamieszkania;Klasztor
35219;Budynki Biurowe;Siedziba Firmy Lub Firm;Budynki Biurowe;Siedziba Firmy Lub Firm
34010;Budynki O Trzech I Wiecej Mieszkaniach;Budynek Wielorodzinny;Budynki O Trzech I Więcej Mieszkaniach;Budynek Wielorodzinny
44762;Budynki Muzeow I Bibliotek;Muzeum;Budynki Muzeów I Bibliotek;Muzeum
11392;Budynki Biurowe;Siedziba Firmy Lub Firm;Budynki Biurowe;Siedziba Firmy Lub Firm
70680;Budynki Biurowe;Siedziba Firmy Lub Firm;Budynki Biurowe;Siedziba Firmy Lub Firm
44749;Budynki Biurowe;Bank;Budynki Biurowe;Bank
20437;Budynki O Trzech I Wiecej Mieszkaniach;Budynek Wielorodzinny;Budynki O Trzech I Więcej Mieszkaniach;Budynek Wielorodzinny
39244;Budynki Szkol I Instytucji Badawczych;Szkola Podstawowa;Budynki Szkół I Instytucji Badawczych;Szkoła Podstawowa
70697;Budynki Szkol I Instytucji Badawczych;Szkola Podstawowa, Szkola Ponadpodstawowa, Szkola Wyzsza;Budynki Szkół I Instytucji Badawczych;Szkoła Podstawowa, Szkoła Ponadpodstawowa, Szkoła Wyższa
70695;Budynki Szkol I Instytucji Badawczych;Szkola Podstawowa, Szkola Ponadpodstawowa, Szkola Wyzsza;Budynki Szkół I Instytucji Badawczych;Szkoła Podstawowa, Szkoła Ponadpodstawowa, Szkoła Wyższa
64170;Budynki Szkol I Instytucji Badawczych;Szkola Podstawowa, Szkola Ponadpodstawowa, Szkola Wyzsza;Budynki Szkół I Instytucji Badawczych;Szkoła Podstawowa, Szkoła Ponadpodstawowa, Szkoła Wyższa
12585;Budynki O Trzech I Wiecej Mieszkaniach;Budynek Wielorodzinny, Placowka Ochrony Zdrowia, Siedziba Firmy Lub Firm;Budynki O Trzech I Więcej Mieszkaniach;Budynek Wielorodzinny, Placówka Ochrony Zdrowia, Siedziba Firmy Lub Firm
11888;Budynki Kultu Religijnego;Kosciol;Budynki Kultu Religijnego;Kościół
70653;Budynki Kultu Religijnego;Kosciol;Budynki Kultu Religijnego;Kościół
34107;Budynki O Trzech I Wiecej Mieszkaniach;Budynek Wielorodzinny;Budynki O Trzech I Więcej Mieszkaniach;Budynek Wielorodzinny
31255;Budynki Zbiorowego Zamieszkania;Dom Parafialny;Budynki Zbiorowego Zamieszkania;Dom Parafialny
67494;Budynki Muzeow I Bibliotek;Muzeum;Budynki Muzeów I Bibliotek;Muzeum
3201;Budynki O Trzech I Wiecej Mieszkaniach;Budynek Wielorodzinny;Budynki O Trzech I Więcej Mieszkaniach;Budynek Wielorodzinny
20002;Budynki Biurowe;Sad;Budynki Biurowe;Sad
11404;Budynki Zakwaterowania Turystycznego Pozostale;Osrodek Szkoleniowo Wypoczynkowy, Pawilon Handlowo Uslugowy, Siedziba Firmy Lub Firm;Budynki Zakwaterowania Turystycznego Pozostale;Osrodek Szkoleniowo Wypoczynkowy, Pawilon Handlowo Usługowy, Siedziba Firmy Lub Firm
46000;Budynki Biurowe;Pawilon Handlowo Uslugowy, Restauracja, Siedziba Firmy Lub Firm;Budynki Biurowe;Pawilon Handlowo Usługowy, Restauracja, Siedziba Firmy Lub Firm
3412;Budynki Biurowe;Siedziba Firmy Lub Firm;Budynki Biurowe;Siedziba Firmy Lub Firm
3528;Budynki Biurowe;Siedziba Firmy Lub Firm;Budynki Biurowe;Siedziba Firmy Lub Firm
11877;Budynki Biurowe;Prokuratura;Budynki Biurowe;Prokuratura
45377;Budynki O Trzech I Wiecej Mieszkaniach;Budynek Wielorodzinny, Siedziba Firmy Lub Firm;Budynki O Trzech I Więcej Mieszkaniach;Budynek Wielorodzinny, Siedziba Firmy Lub Firm
55102;Budynki O Trzech I Wiecej Mieszkaniach;Budynek Wielorodzinny;Budynki O Trzech I Więcej Mieszkaniach;Budynek Wielorodzinny
19706;Budynki Biurowe;Sad;Budynki Biurowe;Sad
11939;Budynki Hoteli;Hotel;Budynki Hoteli;Hotel
70671;Budynki Hoteli;Hotel;Budynki Hoteli;Hotel
70672;Budynki Hoteli;Hotel;Budynki Hoteli;Hotel
45548;Budynki O Trzech I Wiecej Mieszkaniach;Budynek Wielorodzinny;Budynki O Trzech I Więcej Mieszkaniach;Budynek Wielorodzinny
30937;Budynki Muzeow I Bibliotek;Biblioteka;Budynki Muzeów I Bibliotek;Biblioteka
44946;Budynki O Trzech I Wiecej Mieszkaniach;Apteka, Budynek Wielorodzinny;Budynki O Trzech I Więcej Mieszkaniach;Apteka, Budynek Wielorodzinny
12759;Budynki Hoteli;Hotel;Budynki Hoteli;Hotel
28286;Budynki O Trzech I Wiecej Mieszkaniach;Budynek Wielorodzinny;Budynki O Trzech I Więcej Mieszkaniach;Budynek Wielorodzinny
54337;Budynki Szkol I Instytucji Badawczych;Szkola Wyzsza;Budynki Szkół I Instytucji Badawczych;Szkoła Wyższa
28526;Budynki Szkol I Instytucji Badawczych;Szkola Wyzsza;Budynki Szkół I Instytucji Badawczych;Szkoła Wyższa
4790;Budynki O Trzech I Wiecej Mieszkaniach;Budynek Gospodarczy, Budynek Wielorodzinny;Budynki O Trzech I Więcej Mieszkaniach;Budynek Gospodarczy, Budynek Wielorodzinny
35471;Budynki O Trzech I Wiecej Mieszkaniach;Budynek Wielorodzinny;Budynki O Trzech I Więcej Mieszkaniach;Budynek Wielorodzinny
70699;Budynki Szpitali I Zakladow Opieki Medycznej;Szpital;Budynki Szpitali I Zakładów Opieki Medycznej;Szpital
57907;Budynki Szpitali I Zakladow Opieki Medycznej;Szpital;Budynki Szpitali I Zakładów Opieki Medycznej;Szpital
14309;Budynki Szkol I Instytucji Badawczych;Przedszkole;Budynki Szkół I Instytucji Badawczych;Przedszkole
22013;Budynki Zbiorowego Zamieszkania;Dom Parafialny;Budynki Zbiorowego Zamieszkania;Dom Parafialny
64999;Budynki Zbiorowego Zamieszkania;Klasztor;Budynki Zbiorowego Zamieszkania;Klasztor
22465;Budynki Handlowo Uslugowe;Pawilon Handlowo Uslugowy;Budynki Handlowo Usługowe;Pawilon Handlowo Usługowy
38931;Budynki Hoteli;Restauracja;Budynki Hoteli;Restauracja
15549;Budynki Biurowe;Siedziba Firmy Lub Firm;Budynki Biurowe;Siedziba Firmy Lub Firm
70711;Budynki Biurowe;Siedziba Firmy Lub Firm;Budynki Biurowe;Siedziba Firmy Lub Firm
6276;Budynki Przemyslowe;Produkcyjny;Budynki Przemysłowe;Produkcyjny
39179;Zbiornik Silos I Budynki Magazynowe;Magazyn;Zbiornik Silos I Budynki Magazynowe;Magazyn
70705;Budynki Biurowe;Siedziba Firmy Lub Firm;Budynki Biurowe;Siedziba Firmy Lub Firm
6777;Budynki Biurowe;Siedziba Firmy Lub Firm;Budynki Biurowe;Siedziba Firmy Lub Firm
53622;Budynki O Trzech I Wiecej Mieszkaniach;Budynek Gospodarczy, Budynek Wielorodzinny;Budynki O Trzech I Więcej Mieszkaniach;Budynek Gospodarczy, Budynek Wielorodzinny
3875;Budynki O Trzech I Wiecej Mieszkaniach;Budynek Wielorodzinny;Budynki O Trzech I Więcej Mieszkaniach;Budynek Wielorodzinny
28932;Budynki Muzeow I Bibliotek;Muzeum;Budynki Muzeów I Bibliotek;Muzeum
53544;Budynki Biurowe;Siedziba Firmy Lub Firm;Budynki Biurowe;Siedziba Firmy Lub Firm
70664;Budynki Przemyslowe;Produkcyjny;Budynki Przemysłowe;Produkcyjny
66638;Budynki Przemyslowe;Produkcyjny;Budynki Przemysłowe;Produkcyjny
70663;Budynki Przemyslowe;Produkcyjny;Budynki Przemysłowe;Produkcyjny
70665;Budynki Przemyslowe;Produkcyjny;Budynki Przemysłowe;Produkcyjny
35327;Budynki Przemyslowe;Kotlownia;Budynki Przemysłowe;Kotlownia
70707;Budynki Biurowe;Siedziba Firmy Lub Firm;Budynki Biurowe;Siedziba Firmy Lub Firm
67176;Budynki Biurowe;Siedziba Firmy Lub Firm, Warsztat Remontowo Naprawczy;Budynki Biurowe;Siedziba Firmy Lub Firm, Warsztat Remontowo Naprawczy
42192;Budynki Przemyslowe;Siedziba Firmy Lub Firm, Warsztat Remontowo Naprawczy;Budynki Przemysłowe;Siedziba Firmy Lub Firm, Warsztat Remontowo Naprawczy
41218;Budynki Biurowe;Siedziba Firmy Lub Firm;Budynki Biurowe;Siedziba Firmy Lub Firm
6232;Budynki Biurowe;Siedziba Firmy Lub Firm;Budynki Biurowe;Siedziba Firmy Lub Firm
57438;Budynki Przemyslowe;Elektrownia;Budynki Przemysłowe;Elektrownia
22877;Budynki Biurowe;Siedziba Firmy Lub Firm;Budynki Biurowe;Siedziba Firmy Lub Firm
70708;Budynki Biurowe;Siedziba Firmy Lub Firm;Budynki Biurowe;Siedziba Firmy Lub Firm
62577;Ogolnodostepne Obiekty Kulturalne;Teatr;Ogólnodostępne Obiekty Kulturalne;Teatr
53146;Budynki Szkol I Instytucji Badawczych;Szkola Ponadpodstawowa;Budynki Szkół I Instytucji Badawczych;Szkoła Ponadpodstawowa
3451;Budynki Szkol I Instytucji Badawczych;Szkola Podstawowa;Budynki Szkół I Instytucji Badawczych;Szkoła Podstawowa
19696;Ogolnodostepne Obiekty Kulturalne;Dom Kultury, Placowka Dyplomatyczna Lub Konsularna, Restauracja;Ogólnodostępne Obiekty Kulturalne;Dom Kultury, Placówka Dyplomatyczna Lub Konsularna, Restauracja
70712;Budynki Szpitali I Zakladow Opieki Medycznej;Apteka, Szpital;Budynki Szpitali I Zakładów Opieki Medycznej;Apteka, Szpital
35026;Budynki Szpitali I Zakladow Opieki Medycznej;Apteka, Szpital;Budynki Szpitali I Zakładów Opieki Medycznej;Apteka, Szpital
70723;Budynki Szpitali I Zakladow Opieki Medycznej;Apteka, Szpital;Budynki Szpitali I Zakładów Opieki Medycznej;Apteka, Szpital
70718;Budynki Szpitali I Zakladow Opieki Medycznej;Apteka, Szpital;Budynki Szpitali I Zakładów Opieki Medycznej;Apteka, Szpital
70715;Budynki Szpitali I Zakladow Opieki Medycznej;Apteka, Szpital;Budynki Szpitali I Zakładów Opieki Medycznej;Apteka, Szpital
70724;Budynki Szpitali I Zakladow Opieki Medycznej;Apteka, Szpital;Budynki Szpitali I Zakładów Opieki Medycznej;Apteka, Szpital
38360;Budynki O Trzech I Wiecej Mieszkaniach;Budynek Wielorodzinny, Pawilon Handlowo Uslugowy;Budynki O Trzech I Więcej Mieszkaniach;Budynek Wielorodzinny, Pawilon Handlowo Usługowy
55384;Budynki O Trzech I Wiecej Mieszkaniach;Budynek Wielorodzinny;Budynki O Trzech I Więcej Mieszkaniach;Budynek Wielorodzinny
20598;Budynki O Trzech I Wiecej Mieszkaniach;Budynek Wielorodzinny;Budynki O Trzech I Więcej Mieszkaniach;Budynek Wielorodzinny
70675;Budynki Zbiorowego Zamieszkania;Klasztor, Kosciol;Budynki Zbiorowego Zamieszkania;Klasztor, Kościół
39423;Budynki Zbiorowego Zamieszkania;Klasztor, Kosciol;Budynki Zbiorowego Zamieszkania;Klasztor, Kościół
70657;Budynki O Trzech I Wiecej Mieszkaniach;Budynek Wielorodzinny;Budynki O Trzech I Więcej Mieszkaniach;Budynek Wielorodzinny
54229;Budynki O Trzech I Wiecej Mieszkaniach;Budynek Wielorodzinny, Klub Dyskoteka;Budynki O Trzech I Więcej Mieszkaniach;Budynek Wielorodzinny, Klub Dyskoteka
27688;Budynki O Trzech I Wiecej Mieszkaniach;Budynek Wielorodzinny, Restauracja;Budynki O Trzech I Więcej Mieszkaniach;Budynek Wielorodzinny, Restauracja
62575;Budynki O Trzech I Wiecej Mieszkaniach;Apteka, Budynek Wielorodzinny, Muzeum, Restauracja;Budynki O Trzech I Więcej Mieszkaniach;Apteka, Budynek Wielorodzinny, Muzeum, Restauracja
62312;Budynki O Trzech I Wiecej Mieszkaniach;Budynek Wielorodzinny;Budynki O Trzech I Więcej Mieszkaniach;Budynek Wielorodzinny
20427;Budynki O Trzech I Wiecej Mieszkaniach;Budynek Wielorodzinny;Budynki O Trzech I Więcej Mieszkaniach;Budynek Wielorodzinny
64960;Budynki O Trzech I Wiecej Mieszkaniach;Budynek Wielorodzinny;Budynki O Trzech I Więcej Mieszkaniach;Budynek Wielorodzinny
34858;Ogolnodostepne Obiekty Kulturalne;Teatr;Ogólnodostępne Obiekty Kulturalne;Teatr
70690;Budynki O Trzech I Wiecej Mieszkaniach;Budynek Wielorodzinny;Budynki O Trzech I Więcej Mieszkaniach;Budynek Wielorodzinny
11890;Budynki O Trzech I Wiecej Mieszkaniach;Budynek Wielorodzinny;Budynki O Trzech I Więcej Mieszkaniach;Budynek Wielorodzinny
68361;Budynki O Trzech I Wiecej Mieszkaniach;Budynek Wielorodzinny;Budynki O Trzech I Więcej Mieszkaniach;Budynek Wielorodzinny
3522;Budynki O Trzech I Wiecej Mieszkaniach;Budynek Wielorodzinny, Pawilon Handlowo Uslugowy;Budynki O Trzech I Więcej Mieszkaniach;Budynek Wielorodzinny, Pawilon Handlowo Usługowy
62277;Budynki Szkol I Instytucji Badawczych;Szkola Ponadpodstawowa;Budynki Szkół I Instytucji Badawczych;Szkoła Ponadpodstawowa
28504;Budynki Szkol I Instytucji Badawczych;Szkola Wyzsza;Budynki Szkół I Instytucji Badawczych;Szkoła Wyższa
62414;Budynki Muzeow I Bibliotek;Biblioteka;Budynki Muzeów I Bibliotek;Biblioteka
27924;Budynki Muzeow I Bibliotek;Centrum Informacyjne, Restauracja, Teatr;Budynki Muzeów I Bibliotek;Centrum Informacyjne, Restauracja, Teatr
63213;Budynki Szkol I Instytucji Badawczych;Szkola Wyzsza;Budynki Szkół I Instytucji Badawczych;Szkoła Wyższa
48039;Budynki Biurowe;Urzad Miasta;Budynki Biurowe;Urząd Miasta
20470;Budynki Biurowe;Restauracja, Siedziba Firmy Lub Firm, Stacja Sanitarno Epidemiologiczna;Budynki Biurowe;Restauracja, Siedziba Firmy Lub Firm, Stacja Sanitarno Epidemiologiczna
29507;Budynki Hoteli;Restauracja;Budynki Hoteli;Restauracja
53317;Budynki Hoteli;Hotel;Budynki Hoteli;Hotel
45556;Budynki O Trzech I Wiecej Mieszkaniach;Budynek Wielorodzinny;Budynki O Trzech I Więcej Mieszkaniach;Budynek Wielorodzinny
3152;Budynki Muzeow I Bibliotek;Biblioteka;Budynki Muzeów I Bibliotek;Biblioteka
70701;Budynki Szkol I Instytucji Badawczych;Pawilon Handlowo Uslugowy, Szkola Wyzsza;Budynki Szkół I Instytucji Badawczych;Pawilon Handlowo Usługowy, Szkoła Wyższa
44752;Budynki Szkol I Instytucji Badawczych;Pawilon Handlowo Uslugowy, Szkola Wyzsza;Budynki Szkół I Instytucji Badawczych;Pawilon Handlowo Usługowy, Szkoła Wyższa
62817;Budynki Biurowe;Biblioteka, Siedziba Firmy Lub Firm;Budynki Biurowe;Biblioteka, Siedziba Firmy Lub Firm
65918;Budynki O Trzech I Wiecej Mieszkaniach;Budynek Wielorodzinny;Budynki O Trzech I Więcej Mieszkaniach;Budynek Wielorodzinny
35085;Budynki Szkol I Instytucji Badawczych;Szkola Wyzsza;Budynki Szkół I Instytucji Badawczych;Szkoła Wyższa
28734;Budynki Zbiorowego Zamieszkania;Klasztor;Budynki Zbiorowego Zamieszkania;Klasztor
70691;Budynki Zbiorowego Zamieszkania;Klasztor;Budynki Zbiorowego Zamieszkania;Klasztor
567;Budynki O Trzech I Wiecej Mieszkaniach;Bank, Budynek Wielorodzinny;Budynki O Trzech I Więcej Mieszkaniach;Bank, Budynek Wielorodzinny
29024;Budynki Biurowe;Bank;Budynki Biurowe;Bank
3409;Budynki Biurowe;Bank, Siedziba Firmy Lub Firm;Budynki Biurowe;Bank, Siedziba Firmy Lub Firm
37517;Budynki Szkol I Instytucji Badawczych;Szkola Wyzsza;Budynki Szkół I Instytucji Badawczych;Szkoła Wyższa
11794;Budynki Hoteli;Hotel, Restauracja;Budynki Hoteli;Hotel, Restauracja
12165;Budynki Hoteli;Restauracja;Budynki Hoteli;Restauracja
4713;Budynki Muzeow I Bibliotek;Muzeum;Budynki Muzeów I Bibliotek;Muzeum
62111;Budynki O Trzech I Wiecej Mieszkaniach;Budynek Wielorodzinny;Budynki O Trzech I Więcej Mieszkaniach;Budynek Wielorodzinny
27984;Budynki O Trzech I Wiecej Mieszkaniach;Budynek Gospodarczy, Budynek Wielorodzinny;Budynki O Trzech I Więcej Mieszkaniach;Budynek Gospodarczy, Budynek Wielorodzinny
63868;Budynki Biurowe;Siedziba Firmy Lub Firm;Budynki Biurowe;Siedziba Firmy Lub Firm
4532;Budynki O Trzech I Wiecej Mieszkaniach;Budynek Wielorodzinny, Pawilon Handlowo Uslugowy;Budynki O Trzech I Więcej Mieszkaniach;Budynek Wielorodzinny, Pawilon Handlowo Usługowy
34005;Budynki O Trzech I Wiecej Mieszkaniach;Budynek Wielorodzinny, Klub Dyskoteka, Pawilon Handlowo Uslugowy;Budynki O Trzech I Więcej Mieszkaniach;Budynek Wielorodzinny, Klub Dyskoteka, Pawilon Handlowo Usługowy
12755;Budynki O Trzech I Wiecej Mieszkaniach;Budynek Wielorodzinny;Budynki O Trzech I Więcej Mieszkaniach;Budynek Wielorodzinny
31175;Budynki O Trzech I Wiecej Mieszkaniach;Budynek Wielorodzinny, Pawilon Handlowo Uslugowy;Budynki O Trzech I Więcej Mieszkaniach;Budynek Wielorodzinny, Pawilon Handlowo Usługowy
19433;Budynki O Trzech I Wiecej Mieszkaniach;Budynek Wielorodzinny;Budynki O Trzech I Więcej Mieszkaniach;Budynek Wielorodzinny
39373;Pozostale Budynki Niemieszkalne;Stacja Pomp;Pozostale Budynki Niemieszkalne;Stacja Pomp
41222;Budynek Gospodarstwa Rolnego;Budynek Gospodarczy;Budynek Gospodarstwa Rolnego;Budynek Gospodarczy
24491;Budynek Gospodarstwa Rolnego;Budynek Gospodarczy;Budynek Gospodarstwa Rolnego;Budynek Gospodarczy
20129;Budynki O Trzech I Wiecej Mieszkaniach;Budynek Wielorodzinny;Budynki O Trzech I Więcej Mieszkaniach;Budynek Wielorodzinny
35070;Budynki Biurowe;Siedziba Firmy Lub Firm;Budynki Biurowe;Siedziba Firmy Lub Firm
46596;Budynki O Trzech I Wiecej Mieszkaniach;Budynek Wielorodzinny;Budynki O Trzech I Więcej Mieszkaniach;Budynek Wielorodzinny
44345;Budynki Szkol I Instytucji Badawczych;Szkola Ponadpodstawowa;Budynki Szkół I Instytucji Badawczych;Szkoła Ponadpodstawowa
54533;Budynki Szpitali I Zakladow Opieki Medycznej;Apteka, Szpital;Budynki Szpitali I Zakładów Opieki Medycznej;Apteka, Szpital
36766;Budynki Biurowe;Siedziba Firmy Lub Firm;Budynki Biurowe;Siedziba Firmy Lub Firm
40440;Budynki Biurowe;Kuria Metropolitarna, Placowka Ochrony Zdrowia;Budynki Biurowe;Kuria Metropolitarna, Placówka Ochrony Zdrowia
5995;Budynki Biurowe;Kuria Metropolitarna;Budynki Biurowe;Kuria Metropolitarna
39382;Budynki Kultu Religijnego;Inny Budynek Kultu Religijnego;Budynki Kultu Religijnego;Inny Budynek Kultu Religijnego
11786;Budynki O Trzech I Wiecej Mieszkaniach;Budynek Wielorodzinny;Budynki O Trzech I Więcej Mieszkaniach;Budynek Wielorodzinny
35079;Budynki Hoteli;Hotel;Budynki Hoteli;Hotel
20816;Budynki Biurowe;Bank, Urzad Miasta;Budynki Biurowe;Bank, Urząd Miasta
11608;Budynki O Trzech I Wiecej Mieszkaniach;Bank, Budynek Gospodarczy, Budynek Wielorodzinny, Pawilon Handlowo Uslugowy, Placowka Ochrony Zdrowia;Budynki O Trzech I Więcej Mieszkaniach;Bank, Budynek Gospodarczy, Budynek Wielorodzinny, Pawilon Handlowo Usługowy, Placówka Ochrony Zdrowia
3385;Budynki O Trzech I Wiecej Mieszkaniach;Budynek Wielorodzinny, Restauracja;Budynki O Trzech I Więcej Mieszkaniach;Budynek Wielorodzinny, Restauracja
3606;Budynki O Trzech I Wiecej Mieszkaniach;Budynek Gospodarczy, Budynek Wielorodzinny;Budynki O Trzech I Więcej Mieszkaniach;Budynek Gospodarczy, Budynek Wielorodzinny
61933;Budynki O Trzech I Wiecej Mieszkaniach;Budynek Wielorodzinny;Budynki O Trzech I Więcej Mieszkaniach;Budynek Wielorodzinny
28796;Budynki Szkol I Instytucji Badawczych;Szkola Ponadpodstawowa;Budynki Szkół I Instytucji Badawczych;Szkoła Ponadpodstawowa
21768;Budynki Zbiorowego Zamieszkania;Dom Parafialny;Budynki Zbiorowego Zamieszkania;Dom Parafialny
56055;Budynki Zbiorowego Zamieszkania;Klasztor;Budynki Zbiorowego Zamieszkania;Klasztor
53495;Budynki O Trzech I Wiecej Mieszkaniach;Budynek Wielorodzinny, Pawilon Handlowo Uslugowy, Restauracja;Budynki O Trzech I Więcej Mieszkaniach;Budynek Wielorodzinny, Pawilon Handlowo Usługowy, Restauracja
20619;Budynki O Trzech I Wiecej Mieszkaniach;Budynek Wielorodzinny;Budynki O Trzech I Więcej Mieszkaniach;Budynek Wielorodzinny
12077;Budynki O Trzech I Wiecej Mieszkaniach;Budynek Wielorodzinny, Restauracja;Budynki O Trzech I Więcej Mieszkaniach;Budynek Wielorodzinny, Restauracja
11991;Budynki Biurowe;Siedziba Firmy Lub Firm;Budynki Biurowe;Siedziba Firmy Lub Firm
29111;Budynki Biurowe;Siedziba Firmy Lub Firm;Budynki Biurowe;Siedziba Firmy Lub Firm
64164;Budynki Biurowe;Siedziba Firmy Lub Firm;Budynki Biurowe;Siedziba Firmy Lub Firm
35235;Budynki O Trzech I Wiecej Mieszkaniach;Budynek Wielorodzinny;Budynki O Trzech I Więcej Mieszkaniach;Budynek Wielorodzinny
62443;Budynki O Trzech I Wiecej Mieszkaniach;Budynek Wielorodzinny;Budynki O Trzech I Więcej Mieszkaniach;Budynek Wielorodzinny
64510;Budynki Biurowe;Siedziba Firmy Lub Firm;Budynki Biurowe;Siedziba Firmy Lub Firm
11624;Budynki O Trzech I Wiecej Mieszkaniach;Budynek Wielorodzinny, Restauracja, Siedziba Firmy Lub Firm;Budynki O Trzech I Więcej Mieszkaniach;Budynek Wielorodzinny, Restauracja, Siedziba Firmy Lub Firm
35193;Budynki O Trzech I Wiecej Mieszkaniach;Bank, Budynek Wielorodzinny;Budynki O Trzech I Więcej Mieszkaniach;Bank, Budynek Wielorodzinny
3789;Budynki Muzeow I Bibliotek;Muzeum;Budynki Muzeów I Bibliotek;Muzeum
68509;Budynek Gospodarstwa Rolnego;Budynek Gospodarczy;Budynek Gospodarstwa Rolnego;Budynek Gospodarczy
63467;Budynki O Trzech I Wiecej Mieszkaniach;Budynek Wielorodzinny;Budynki O Trzech I Więcej Mieszkaniach;Budynek Wielorodzinny
37694;Budynki O Trzech I Wiecej Mieszkaniach;Budynek Wielorodzinny;Budynki O Trzech I Więcej Mieszkaniach;Budynek Wielorodzinny
58547;Budynki Kultury Fizycznej;Sala Gimnastyczna;Budynki Kultury Fizycznej;Sala Gimnastyczna
49677;Budynki Szkol I Instytucji Badawczych;Przedszkole, Szkola Podstawowa, Szkola Ponadpodstawowa;Budynki Szkół I Instytucji Badawczych;Przedszkole, Szkoła Podstawowa, Szkoła Ponadpodstawowa
8422;Budynki Szkol I Instytucji Badawczych;Szkola Podstawowa, Szkola Ponadpodstawowa;Budynki Szkół I Instytucji Badawczych;Szkoła Podstawowa, Szkoła Ponadpodstawowa
70658;Budynki O Trzech I Wiecej Mieszkaniach;Budynek Wielorodzinny, Pawilon Handlowo Uslugowy;Budynki O Trzech I Więcej Mieszkaniach;Budynek Wielorodzinny, Pawilon Handlowo Usługowy
62902;Budynki O Trzech I Wiecej Mieszkaniach;Budynek Wielorodzinny, Klub Dyskoteka, Pawilon Handlowo Uslugowy;Budynki O Trzech I Więcej Mieszkaniach;Budynek Wielorodzinny, Klub Dyskoteka, Pawilon Handlowo Usługowy
50784;Budynki O Trzech I Wiecej Mieszkaniach;Budynek Wielorodzinny, Pawilon Handlowo Uslugowy, Restauracja;Budynki O Trzech I Więcej Mieszkaniach;Budynek Wielorodzinny, Pawilon Handlowo Usługowy, Restauracja
64680;Budynki O Trzech I Wiecej Mieszkaniach;Budynek Wielorodzinny, Pawilon Handlowo Uslugowy, Placowka Ochrony Zdrowia;Budynki O Trzech I Więcej Mieszkaniach;Budynek Wielorodzinny, Pawilon Handlowo Usługowy, Placówka Ochrony Zdrowia
45352;Budynki O Trzech I Wiecej Mieszkaniach;Budynek Wielorodzinny, Pawilon Handlowo Uslugowy;Budynki O Trzech I Więcej Mieszkaniach;Budynek Wielorodzinny, Pawilon Handlowo Usługowy
28091;Budynki Biurowe;Siedziba Firmy Lub Firm;Budynki Biurowe;Siedziba Firmy Lub Firm
28506;Budynki O Trzech I Wiecej Mieszkaniach;Budynek Wielorodzinny;Budynki O Trzech I Więcej Mieszkaniach;Budynek Wielorodzinny
35067;Budynki O Trzech I Wiecej Mieszkaniach;Budynek Wielorodzinny;Budynki O Trzech I Więcej Mieszkaniach;Budynek Wielorodzinny
23994;Budynki Zbiorowego Zamieszkania;Dom Opieki Spolecznej;Budynki Zbiorowego Zamieszkania;Dom Opieki Spolecznej
6882;Budynki Kultu Religijnego;Kosciol;Budynki Kultu Religijnego;Kościół
6707;Budynki Zbiorowego Zamieszkania;Klasztor;Budynki Zbiorowego Zamieszkania;Klasztor
45553;Budynki O Trzech I Wiecej Mieszkaniach;Budynek Wielorodzinny, Pawilon Handlowo Uslugowy;Budynki O Trzech I Więcej Mieszkaniach;Budynek Wielorodzinny, Pawilon Handlowo Usługowy
19736;Budynki O Trzech I Wiecej Mieszkaniach;Budynek Wielorodzinny;Budynki O Trzech I Więcej Mieszkaniach;Budynek Wielorodzinny
70656;Budynki O Trzech I Wiecej Mieszkaniach;Apteka, Budynek Wielorodzinny;Budynki O Trzech I Więcej Mieszkaniach;Apteka, Budynek Wielorodzinny
70655;Budynki Hoteli;Hotel;Budynki Hoteli;Hotel
62274;Budynki Muzeow I Bibliotek;Muzeum;Budynki Muzeów I Bibliotek;Muzeum
28608;Budynki O Trzech I Wiecej Mieszkaniach;Budynek Wielorodzinny;Budynki O Trzech I Więcej Mieszkaniach;Budynek Wielorodzinny
63258;Budynki O Trzech I Wiecej Mieszkaniach;Budynek Wielorodzinny, Siedziba Firmy Lub Firm;Budynki O Trzech I Więcej Mieszkaniach;Budynek Wielorodzinny, Siedziba Firmy Lub Firm
70689;Budynki O Trzech I Wiecej Mieszkaniach;Budynek Wielorodzinny, Siedziba Firmy Lub Firm;Budynki O Trzech I Więcej Mieszkaniach;Budynek Wielorodzinny, Siedziba Firmy Lub Firm
14082;Budynki O Trzech I Wiecej Mieszkaniach;Budynek Wielorodzinny, Pawilon Handlowo Uslugowy;Budynki O Trzech I Więcej Mieszkaniach;Budynek Wielorodzinny, Pawilon Handlowo Usługowy
34091;Budynki Biurowe;Siedziba Firmy Lub Firm;Budynki Biurowe;Siedziba Firmy Lub Firm
33833;Budynki Muzeow I Bibliotek;Biblioteka;Budynki Muzeów I Bibliotek;Biblioteka
45100;Budynki Muzeow I Bibliotek;Biblioteka, Szkola Wyzsza;Budynki Muzeów I Bibliotek;Biblioteka, Szkoła Wyższa
11129;Budynki O Trzech I Wiecej Mieszkaniach;Budynek Wielorodzinny, Inny Budynek Kultu Religijnego;Budynki O Trzech I Więcej Mieszkaniach;Budynek Wielorodzinny, Inny Budynek Kultu Religijnego
21111;Budynki O Trzech I Wiecej Mieszkaniach;Budynek Wielorodzinny, Restauracja;Budynki O Trzech I Więcej Mieszkaniach;Budynek Wielorodzinny, Restauracja
70654;Budynki O Trzech I Wiecej Mieszkaniach;Budynek Wielorodzinny, Siedziba Firmy Lub Firm;Budynki O Trzech I Więcej Mieszkaniach;Budynek Wielorodzinny, Siedziba Firmy Lub Firm
3489;Budynki O Trzech I Wiecej Mieszkaniach;Budynek Wielorodzinny;Budynki O Trzech I Więcej Mieszkaniach;Budynek Wielorodzinny
27980;Budynki O Trzech I Wiecej Mieszkaniach;Budynek Wielorodzinny;Budynki O Trzech I Więcej Mieszkaniach;Budynek Wielorodzinny
11568;Ogolnodostepne Obiekty Kulturalne;Dom Kultury;Ogólnodostępne Obiekty Kulturalne;Dom Kultury
32787;Budynki Szpitali I Zakladow Opieki Medycznej;Placowka Ochrony Zdrowia;Budynki Szpitali I Zakładów Opieki Medycznej;Placówka Ochrony Zdrowia
70687;Budynki Zbiorowego Zamieszkania;Apteka, Klasztor;Budynki Zbiorowego Zamieszkania;Apteka, Klasztor
65140;Budynki Zbiorowego Zamieszkania;Apteka, Klasztor;Budynki Zbiorowego Zamieszkania;Apteka, Klasztor
11126;Budynki O Trzech I Wiecej Mieszkaniach;Budynek Wielorodzinny;Budynki O Trzech I Więcej Mieszkaniach;Budynek Wielorodzinny
28262;Budynki O Trzech I Wiecej Mieszkaniach;Budynek Wielorodzinny, Pawilon Handlowo Uslugowy, Placowka Dyplomatyczna Lub Konsularna;Budynki O Trzech I Więcej Mieszkaniach;Budynek Wielorodzinny, Pawilon Handlowo Usługowy, Placówka Dyplomatyczna Lub Konsularna
19556;Budynki Biurowe;Straz Pozarna;Budynki Biurowe;Straż Pożarna
66969;Budynki Szkol I Instytucji Badawczych;Szkola Wyzsza;Budynki Szkół I Instytucji Badawczych;Szkoła Wyższa
46181;Budynki O Trzech I Wiecej Mieszkaniach;Budynek Wielorodzinny;Budynki O Trzech I Więcej Mieszkaniach;Budynek Wielorodzinny
70668;Budynki O Trzech I Wiecej Mieszkaniach;Budynek Wielorodzinny, Klub Dyskoteka, Pawilon Handlowo Uslugowy;Budynki O Trzech I Więcej Mieszkaniach;Budynek Wielorodzinny, Klub Dyskoteka, Pawilon Handlowo Usługowy
28426;Budynki O Trzech I Wiecej Mieszkaniach;Budynek Wielorodzinny, Klub Dyskoteka, Pawilon Handlowo Uslugowy;Budynki O Trzech I Więcej Mieszkaniach;Budynek Wielorodzinny, Klub Dyskoteka, Pawilon Handlowo Usługowy
22299;Pozostale Budynki Niemieszkalne;Stacja Pomp;Pozostale Budynki Niemieszkalne;Stacja Pomp
70666;Budynki Przemyslowe;Elektrocieplownia;Budynki Przemysłowe;Elektrocieplownia
48974;Budynki O Trzech I Wiecej Mieszkaniach;Budynek Wielorodzinny;Budynki O Trzech I Więcej Mieszkaniach;Budynek Wielorodzinny
65734;Budynki Mieszkalne Jednorodzinne;Budynek Jednorodzinny;Budynki Mieszkalne Jednorodzinne;Budynek Jednorodzinny
30705;Budynki Mieszkalne Jednorodzinne;Budynek Jednorodzinny;Budynki Mieszkalne Jednorodzinne;Budynek Jednorodzinny
29098;Budynki Biurowe;Siedziba Firmy Lub Firm;Budynki Biurowe;Siedziba Firmy Lub Firm
47394;Budynki O Trzech I Wiecej Mieszkaniach;Budynek Wielorodzinny;Budynki O Trzech I Więcej Mieszkaniach;Budynek Wielorodzinny
35858;Budynki Biurowe;Siedziba Firmy Lub Firm;Budynki Biurowe;Siedziba Firmy Lub Firm
11715;Budynki Muzeow I Bibliotek;Muzeum;Budynki Muzeów I Bibliotek;Muzeum
63087;Budynki O Trzech I Wiecej Mieszkaniach;Budynek Wielorodzinny, Pawilon Handlowo Uslugowy;Budynki O Trzech I Więcej Mieszkaniach;Budynek Wielorodzinny, Pawilon Handlowo Usługowy
46754;Budynki O Trzech I Wiecej Mieszkaniach;Budynek Wielorodzinny, Pawilon Handlowo Uslugowy;Budynki O Trzech I Więcej Mieszkaniach;Budynek Wielorodzinny, Pawilon Handlowo Usługowy
22859;Budynki Szkol I Instytucji Badawczych;Szkola Ponadpodstawowa;Budynki Szkół I Instytucji Badawczych;Szkoła Ponadpodstawowa
30853;Budynki Biurowe;Siedziba Firmy Lub Firm;Budynki Biurowe;Siedziba Firmy Lub Firm
35460;Budynki Biurowe;Siedziba Firmy Lub Firm;Budynki Biurowe;Siedziba Firmy Lub Firm
3161;Ogolnodostepne Obiekty Kulturalne;Dom Kultury, Klub Dyskoteka;Ogólnodostępne Obiekty Kulturalne;Dom Kultury, Klub Dyskoteka
44745;Budynki Handlowo Uslugowe;Apteka, Centrum Handlowe;Budynki Handlowo Usługowe;Apteka, Centrum Handlowe
4538;Budynki Kultu Religijnego;Kosciol;Budynki Kultu Religijnego;Kościół
68903;Budynki Przemyslowe;Elektrocieplownia;Budynki Przemysłowe;Elektrocieplownia
22596;Budynki Przemyslowe;Elektrocieplownia;Budynki Przemysłowe;Elektrocieplownia
64811;Budynek Gospodarstwa Rolnego;Budynek Gospodarczy;Budynek Gospodarstwa Rolnego;Budynek Gospodarczy
12830;Budynki Lacznosci Dworcow I Terminali;Dworzec Kolejowy;Budynki Łączności Dworców I Terminali;Dworzec Kolejowy
31076;Budynki Szkol I Instytucji Badawczych;Szkola Wyzsza;Budynki Szkół I Instytucji Badawczych;Szkoła Wyższa
40449;Budynki Biurowe;Siedziba Firmy Lub Firm;Budynki Biurowe;Siedziba Firmy Lub Firm
57347;Budynki Zbiorowego Zamieszkania;Klasztor, Placowka Ochrony Zdrowia, Szkola Ponadpodstawowa;Budynki Zbiorowego Zamieszkania;Klasztor, Placówka Ochrony Zdrowia, Szkoła Ponadpodstawowa
23484;Budynki Kultu Religijnego;Kosciol;Budynki Kultu Religijnego;Kościół
58708;Budynki Zbiorowego Zamieszkania;Klasztor;Budynki Zbiorowego Zamieszkania;Klasztor
17293;Budynki Kultu Religijnego;Kosciol;Budynki Kultu Religijnego;Kościół
70674;Budynki O Trzech I Wiecej Mieszkaniach;Budynek Wielorodzinny, Pawilon Handlowo Uslugowy;Budynki O Trzech I Więcej Mieszkaniach;Budynek Wielorodzinny, Pawilon Handlowo Usługowy
58462;Budynki O Trzech I Wiecej Mieszkaniach;Budynek Wielorodzinny, Pawilon Handlowo Uslugowy;Budynki O Trzech I Więcej Mieszkaniach;Budynek Wielorodzinny, Pawilon Handlowo Usługowy
29409;Budynki O Trzech I Wiecej Mieszkaniach;Budynek Gospodarczy, Budynek Wielorodzinny, Pawilon Handlowo Uslugowy;Budynki O Trzech I Więcej Mieszkaniach;Budynek Gospodarczy, Budynek Wielorodzinny, Pawilon Handlowo Usługowy
3482;Budynki Muzeow I Bibliotek;Biblioteka;Budynki Muzeów I Bibliotek;Biblioteka
28493;Budynki Muzeow I Bibliotek;Biblioteka, Placowka Dyplomatyczna Lub Konsularna;Budynki Muzeów I Bibliotek;Biblioteka, Placówka Dyplomatyczna Lub Konsularna
45428;Budynki O Trzech I Wiecej Mieszkaniach;Budynek Wielorodzinny, Restauracja;Budynki O Trzech I Więcej Mieszkaniach;Budynek Wielorodzinny, Restauracja
54919;Budynki O Trzech I Wiecej Mieszkaniach;Budynek Gospodarczy, Budynek Wielorodzinny;Budynki O Trzech I Więcej Mieszkaniach;Budynek Gospodarczy, Budynek Wielorodzinny
50602;Budynki Szkol I Instytucji Badawczych;Placowka Ochrony Zdrowia, Przedszkole, Szkola Podstawowa;Budynki Szkół I Instytucji Badawczych;Placówka Ochrony Zdrowia, Przedszkole, Szkoła Podstawowa
31144;Budynki Biurowe;Siedziba Firmy Lub Firm;Budynki Biurowe;Siedziba Firmy Lub Firm
28729;Ogolnodostepne Obiekty Kulturalne;Dom Kultury;Ogólnodostępne Obiekty Kulturalne;Dom Kultury
35073;Budynki Kultu Religijnego;Kosciol;Budynki Kultu Religijnego;Kościół
4462;Budynki Kultu Religijnego;Dzwonnica;Budynki Kultu Religijnego;Dzwonnica
52091;Budynki Biurowe;Siedziba Firmy Lub Firm;Budynki Biurowe;Siedziba Firmy Lub Firm
43673;Budynki Zbiorowego Zamieszkania;Placowka Opiekunczo Wychowawcza, Przedszkole, Szkola Podstawowa, Szkola Ponadpodstawowa;Budynki Zbiorowego Zamieszkania;Placówka Opiekunczo Wychowawcza, Przedszkole, Szkoła Podstawowa, Szkoła Ponadpodstawowa
70080;Budynki Szkol I Instytucji Badawczych;Szkola Podstawowa, Szkola Ponadpodstawowa;Budynki Szkół I Instytucji Badawczych;Szkoła Podstawowa, Szkoła Ponadpodstawowa
70704;Budynki Zbiorowego Zamieszkania;Placowka Opiekunczo Wychowawcza, Przedszkole, Szkola Podstawowa, Szkola Ponadpodstawowa;Budynki Zbiorowego Zamieszkania;Placówka Opiekunczo Wychowawcza, Przedszkole, Szkoła Podstawowa, Szkoła Ponadpodstawowa
68639;Budynki Kultury Fizycznej;Sala Gimnastyczna;Budynki Kultury Fizycznej;Sala Gimnastyczna
59741;Budynki Szkol I Instytucji Badawczych;Szkola Podstawowa, Szkola Ponadpodstawowa;Budynki Szkół I Instytucji Badawczych;Szkoła Podstawowa, Szkoła Ponadpodstawowa
66288;Budynki Szkol I Instytucji Badawczych;Szkola Podstawowa, Szkola Ponadpodstawowa;Budynki Szkół I Instytucji Badawczych;Szkoła Podstawowa, Szkoła Ponadpodstawowa
3929;Budynki Biurowe;Bank, Placowka Operatora Pocztowego, Siedziba Firmy Lub Firm;Budynki Biurowe;Bank, Placówka Operatora Pocztowego, Siedziba Firmy Lub Firm
55732;Budynki Hoteli;Hotel, Pawilon Handlowo Uslugowy, Placowka Dyplomatyczna Lub Konsularna;Budynki Hoteli;Hotel, Pawilon Handlowo Usługowy, Placówka Dyplomatyczna Lub Konsularna
64047;Budynki O Trzech I Wiecej Mieszkaniach;Budynek Wielorodzinny, Pawilon Handlowo Uslugowy;Budynki O Trzech I Więcej Mieszkaniach;Budynek Wielorodzinny, Pawilon Handlowo Usługowy
3480;Budynki O Trzech I Wiecej Mieszkaniach;Budynek Wielorodzinny;Budynki O Trzech I Więcej Mieszkaniach;Budynek Wielorodzinny
11934;Budynki O Trzech I Wiecej Mieszkaniach;Budynek Wielorodzinny, Pawilon Handlowo Uslugowy;Budynki O Trzech I Więcej Mieszkaniach;Budynek Wielorodzinny, Pawilon Handlowo Usługowy
20201;Budynki Szkol I Instytucji Badawczych;Szkola Wyzsza;Budynki Szkół I Instytucji Badawczych;Szkoła Wyższa
28553;Budynki O Trzech I Wiecej Mieszkaniach;Budynek Wielorodzinny, Restauracja;Budynki O Trzech I Więcej Mieszkaniach;Budynek Wielorodzinny, Restauracja
54311;Budynki Handlowo Uslugowe;Pawilon Handlowo Uslugowy;Budynki Handlowo Usługowe;Pawilon Handlowo Usługowy
11683;Ogolnodostepne Obiekty Kulturalne;Dom Kultury;Ogólnodostępne Obiekty Kulturalne;Dom Kultury
35371;Budynki O Trzech I Wiecej Mieszkaniach;Budynek Wielorodzinny, Pawilon Handlowo Uslugowy;Budynki O Trzech I Więcej Mieszkaniach;Budynek Wielorodzinny, Pawilon Handlowo Usługowy
34092;Budynki O Trzech I Wiecej Mieszkaniach;Apteka, Bank, Budynek Wielorodzinny;Budynki O Trzech I Więcej Mieszkaniach;Apteka, Bank, Budynek Wielorodzinny
55098;Budynki O Trzech I Wiecej Mieszkaniach;Budynek Wielorodzinny;Budynki O Trzech I Więcej Mieszkaniach;Budynek Wielorodzinny
20319;Budynki Szpitali I Zakladow Opieki Medycznej;Placowka Ochrony Zdrowia;Budynki Szpitali I Zakładów Opieki Medycznej;Placówka Ochrony Zdrowia
29021;Budynki Muzeow I Bibliotek;Archiwum;Budynki Muzeów I Bibliotek;Archiwum
11493;Budynki Szkol I Instytucji Badawczych;Szkola Wyzsza;Budynki Szkół I Instytucji Badawczych;Szkoła Wyższa
3535;Budynki Zbiorowego Zamieszkania;Dom Parafialny;Budynki Zbiorowego Zamieszkania;Dom Parafialny
45554;Budynki Kultu Religijnego;Kosciol;Budynki Kultu Religijnego;Kościół
62460;Budynki Zbiorowego Zamieszkania;Klasztor;Budynki Zbiorowego Zamieszkania;Klasztor
36552;Budynki Szkol I Instytucji Badawczych;Szkola Wyzsza;Budynki Szkół I Instytucji Badawczych;Szkoła Wyższa
11705;Budynki Muzeow I Bibliotek;Muzeum;Budynki Muzeów I Bibliotek;Muzeum
108;Budynki O Trzech I Wiecej Mieszkaniach;Budynek Wielorodzinny, Restauracja;Budynki O Trzech I Więcej Mieszkaniach;Budynek Wielorodzinny, Restauracja
54388;Budynki Kultu Religijnego;Kosciol;Budynki Kultu Religijnego;Kościół
23139;Budynek Zabytkowy;Zabytek Bez Funkcji Uzytkowej;Budynek Zabytkowy;Zabytek Bez Funkcji Użytkowej
54255;Budynki O Trzech I Wiecej Mieszkaniach;Budynek Wielorodzinny;Budynki O Trzech I Więcej Mieszkaniach;Budynek Wielorodzinny
35770;Budynki Szpitali I Zakladow Opieki Medycznej;Szpital;Budynki Szpitali I Zakładów Opieki Medycznej;Szpital
35424;Budynki O Trzech I Wiecej Mieszkaniach;Budynek Wielorodzinny, Pawilon Handlowo Uslugowy;Budynki O Trzech I Więcej Mieszkaniach;Budynek Wielorodzinny, Pawilon Handlowo Usługowy
53810;Budynki O Trzech I Wiecej Mieszkaniach;Budynek Wielorodzinny;Budynki O Trzech I Więcej Mieszkaniach;Budynek Wielorodzinny
12391;Budynki O Trzech I Wiecej Mieszkaniach;Budynek Gospodarczy, Budynek Wielorodzinny;Budynki O Trzech I Więcej Mieszkaniach;Budynek Gospodarczy, Budynek Wielorodzinny
29389;Budynki O Trzech I Wiecej Mieszkaniach;Budynek Gospodarczy, Budynek Wielorodzinny;Budynki O Trzech I Więcej Mieszkaniach;Budynek Gospodarczy, Budynek Wielorodzinny
36196;Budynki O Trzech I Wiecej Mieszkaniach;Budynek Wielorodzinny;Budynki O Trzech I Więcej Mieszkaniach;Budynek Wielorodzinny
53696;Budynki O Trzech I Wiecej Mieszkaniach;Budynek Wielorodzinny;Budynki O Trzech I Więcej Mieszkaniach;Budynek Wielorodzinny
65042;Budynki Kultu Religijnego;Kosciol;Budynki Kultu Religijnego;Kościół
63424;Budynki O Trzech I Wiecej Mieszkaniach;Budynek Wielorodzinny;Budynki O Trzech I Więcej Mieszkaniach;Budynek Wielorodzinny
3753;Budynki Biurowe;Pawilon Handlowo Uslugowy, Przedszkole, Siedziba Firmy Lub Firm;Budynki Biurowe;Pawilon Handlowo Usługowy, Przedszkole, Siedziba Firmy Lub Firm
20558;Budynki Szpitali I Zakladow Opieki Medycznej;Placowka Ochrony Zdrowia;Budynki Szpitali I Zakładów Opieki Medycznej;Placówka Ochrony Zdrowia
46849;Budynki O Trzech I Wiecej Mieszkaniach;Budynek Wielorodzinny;Budynki O Trzech I Więcej Mieszkaniach;Budynek Wielorodzinny
3706;Budynki Szkol I Instytucji Badawczych;Placowka Badawcza;Budynki Szkół I Instytucji Badawczych;Placówka Badawcza
2043;Budynki Hoteli;Hotel;Budynki Hoteli;Hotel
53522;Budynki Hoteli;Hotel;Budynki Hoteli;Hotel
19043;Budynki Hoteli;Restauracja;Budynki Hoteli;Restauracja
70702;Budynki Hoteli;Hotel;Budynki Hoteli;Hotel
35859;Budynki Hoteli;Hotel;Budynki Hoteli;Hotel
34655;Budynki O Trzech I Wiecej Mieszkaniach;Budynek Wielorodzinny, Pawilon Handlowo Uslugowy;Budynki O Trzech I Więcej Mieszkaniach;Budynek Wielorodzinny, Pawilon Handlowo Usługowy
27967;Budynki Szkol I Instytucji Badawczych;Szkola Wyzsza;Budynki Szkół I Instytucji Badawczych;Szkoła Wyższa
28855;Budynki O Trzech I Wiecej Mieszkaniach;Budynek Wielorodzinny, Pawilon Handlowo Uslugowy;Budynki O Trzech I Więcej Mieszkaniach;Budynek Wielorodzinny, Pawilon Handlowo Usługowy
19977;Budynki O Trzech I Wiecej Mieszkaniach;Budynek Wielorodzinny;Budynki O Trzech I Więcej Mieszkaniach;Budynek Wielorodzinny
9149;Budynki Kultu Religijnego;Kosciol;Budynki Kultu Religijnego;Kościół
66981;Budynki Mieszkalne Jednorodzinne;Budynek Jednorodzinny;Budynki Mieszkalne Jednorodzinne;Budynek Jednorodzinny
64227;Budynki O Trzech I Wiecej Mieszkaniach;Budynek Wielorodzinny;Budynki O Trzech I Więcej Mieszkaniach;Budynek Wielorodzinny
42034;Budynki Lacznosci Dworcow I Terminali;Zajezdnia Tramwajowa;Budynki Łączności Dworców I Terminali;Zajezdnia Tramwajowa
20387;Budynki Biurowe;Siedziba Firmy Lub Firm;Budynki Biurowe;Siedziba Firmy Lub Firm
45177;Budynki Biurowe;Siedziba Firmy Lub Firm;Budynki Biurowe;Siedziba Firmy Lub Firm
28157;Ogolnodostepne Obiekty Kulturalne;Dom Kultury;Ogólnodostępne Obiekty Kulturalne;Dom Kultury
70727;Budynki Biurowe;Siedziba Firmy Lub Firm, Szkola Wyzsza;Budynki Biurowe;Siedziba Firmy Lub Firm, Szkoła Wyższa
53875;Budynki O Trzech I Wiecej Mieszkaniach;Budynek Wielorodzinny;Budynki O Trzech I Więcej Mieszkaniach;Budynek Wielorodzinny
62933;Budynki O Trzech I Wiecej Mieszkaniach;Budynek Gospodarczy, Budynek Wielorodzinny;Budynki O Trzech I Więcej Mieszkaniach;Budynek Gospodarczy, Budynek Wielorodzinny
62561;Budynki Biurowe;Siedziba Firmy Lub Firm, Szkola Wyzsza;Budynki Biurowe;Siedziba Firmy Lub Firm, Szkoła Wyższa
36942;Ogolnodostepne Obiekty Kulturalne;Budynek Ogrodu Zoo Lub Botanicznego;Ogólnodostępne Obiekty Kulturalne;Budynek Ogródu Zoo Lub Botanicznego
63698;Ogolnodostepne Obiekty Kulturalne;Budynek Ogrodu Zoo Lub Botanicznego;Ogólnodostępne Obiekty Kulturalne;Budynek Ogródu Zoo Lub Botanicznego
27879;Ogolnodostepne Obiekty Kulturalne;Budynek Ogrodu Zoo Lub Botanicznego;Ogólnodostępne Obiekty Kulturalne;Budynek Ogródu Zoo Lub Botanicznego
64224;Ogolnodostepne Obiekty Kulturalne;Budynek Ogrodu Zoo Lub Botanicznego;Ogólnodostępne Obiekty Kulturalne;Budynek Ogródu Zoo Lub Botanicznego
11310;Ogolnodostepne Obiekty Kulturalne;Budynek Ogrodu Zoo Lub Botanicznego;Ogólnodostępne Obiekty Kulturalne;Budynek Ogródu Zoo Lub Botanicznego
53508;Ogolnodostepne Obiekty Kulturalne;Budynek Ogrodu Zoo Lub Botanicznego;Ogólnodostępne Obiekty Kulturalne;Budynek Ogródu Zoo Lub Botanicznego
55281;Ogolnodostepne Obiekty Kulturalne;Budynek Ogrodu Zoo Lub Botanicznego;Ogólnodostępne Obiekty Kulturalne;Budynek Ogródu Zoo Lub Botanicznego
36014;Budynek Gospodarstwa Rolnego;Budynek Gospodarczy;Budynek Gospodarstwa Rolnego;Budynek Gospodarczy
19907;Budynki O Trzech I Wiecej Mieszkaniach;Budynek Wielorodzinny;Budynki O Trzech I Więcej Mieszkaniach;Budynek Wielorodzinny
11656;Budynki Biurowe;Siedziba Firmy Lub Firm;Budynki Biurowe;Siedziba Firmy Lub Firm
3802;Budynki Mieszkalne Jednorodzinne;Budynek Jednorodzinny;Budynki Mieszkalne Jednorodzinne;Budynek Jednorodzinny
59403;Budynki Zbiorowego Zamieszkania;Dom Parafialny;Budynki Zbiorowego Zamieszkania;Dom Parafialny
37911;Budynki Kultu Religijnego;Kosciol;Budynki Kultu Religijnego;Kościół
62753;Budynki O Trzech I Wiecej Mieszkaniach;Budynek Wielorodzinny, Pawilon Handlowo Uslugowy;Budynki O Trzech I Więcej Mieszkaniach;Budynek Wielorodzinny, Pawilon Handlowo Usługowy
32525;Budynki Mieszkalne Jednorodzinne;Budynek Jednorodzinny;Budynki Mieszkalne Jednorodzinne;Budynek Jednorodzinny
10148;Budynek Gospodarstwa Rolnego;Stajnia;Budynek Gospodarstwa Rolnego;Stajnia
53823;Budynki Garazy;Garaz;Budynki Garaży;Garaz
43820;Budynki Handlowo Uslugowe;Pawilon Handlowo Uslugowy;Budynki Handlowo Usługowe;Pawilon Handlowo Usługowy
26986;Budynki Hoteli;Restauracja;Budynki Hoteli;Restauracja
55823;Budynki Szpitali I Zakladow Opieki Medycznej;Apteka, Szpital;Budynki Szpitali I Zakładów Opieki Medycznej;Apteka, Szpital
12280;Budynki Kultu Religijnego;Kosciol;Budynki Kultu Religijnego;Kościół
44531;Budynki Szkol I Instytucji Badawczych;Przedszkole, Szkola Ponadpodstawowa;Budynki Szkół I Instytucji Badawczych;Przedszkole, Szkoła Ponadpodstawowa
53676;Budynki O Trzech I Wiecej Mieszkaniach;Budynek Wielorodzinny;Budynki O Trzech I Więcej Mieszkaniach;Budynek Wielorodzinny
53908;Budynki O Trzech I Wiecej Mieszkaniach;Apteka, Budynek Wielorodzinny;Budynki O Trzech I Więcej Mieszkaniach;Apteka, Budynek Wielorodzinny
65058;Budynki Biurowe;Inny Urzad Administracji Publicznej;Budynki Biurowe;Inny Urząd Administracji Publicznej
19918;Budynki Muzeow I Bibliotek;Muzeum, Placowka Badawcza;Budynki Muzeów I Bibliotek;Muzeum, Placówka Badawcza
70667;Budynki Muzeow I Bibliotek;Muzeum, Placowka Badawcza;Budynki Muzeów I Bibliotek;Muzeum, Placówka Badawcza
12072;Budynki O Trzech I Wiecej Mieszkaniach;Budynek Gospodarczy, Budynek Wielorodzinny;Budynki O Trzech I Więcej Mieszkaniach;Budynek Gospodarczy, Budynek Wielorodzinny
3720;Budynki Szkol I Instytucji Badawczych;Szkola Podstawowa;Budynki Szkół I Instytucji Badawczych;Szkoła Podstawowa
64236;Budynki Szkol I Instytucji Badawczych;Szkola Podstawowa;Budynki Szkół I Instytucji Badawczych;Szkoła Podstawowa
20167;Budynki Szkol I Instytucji Badawczych;Szkola Ponadpodstawowa;Budynki Szkół I Instytucji Badawczych;Szkoła Ponadpodstawowa
63000;Budynki Kultu Religijnego;Kaplica;Budynki Kultu Religijnego;Kaplica
21009;Budynki Biurowe;Siedziba Firmy Lub Firm;Budynki Biurowe;Siedziba Firmy Lub Firm
